<?xml version="1.0" encoding="UTF-8"?>

<!-- 
 * PopulateDatabase.xml
 *
 * Copyright (C) 2017 Universidad de Sevilla
 * 
 * The use of this project is hereby constrained to the conditions of the 
 * TDG Licence, a copy of which you may download from 
 * http://www.tdg-seville.info/License.html
 -->

<beans xmlns="http://www.springframework.org/schema/beans"
	xmlns:xsi="http://www.w3.org/2001/XMLSchema-instance"
	xsi:schemaLocation="
		http://www.springframework.org/schema/beans http://www.springframework.org/schema/beans/spring-beans.xsd
	">
	
	<!-- User accounts -->
	<!-- ADMIN -->	
	<bean id="userAccount1" class="security.UserAccount">
		<property name="username" value="admin" />
		<property name="password" value="21232f297a57a5a743894a0e4a801fc3" />
		<property name="isEnabled" value="true" />
		<property name="authorities">
			<list>
				<bean class="security.Authority">
					<property name="authority" value="ADMIN" />
				</bean>
			</list>
		</property>
	</bean>

	<bean id="userAccount2" class="security.UserAccount">
		<property name="username" value="admin2" />
		<property name="password" value="c84258e9c39059a89ab77d846ddab909" />
		<property name="isEnabled" value="true" />
		<property name="authorities">
			<list>
				<bean class="security.Authority">
					<property name="authority" value="ADMIN" />
				</bean>
			</list>
		</property>
	</bean>
	
	<!-- CHORBIES -->		
	<bean id="userAccount3" class="security.UserAccount">
		<property name="username" value="chorbi1" />
		<property name="password" value="3daa859a294cdefb20a84840240a76f5" />
		<property name="isEnabled" value="true" />
		<property name="authorities">
			<list>
				<bean class="security.Authority">
					<property name="authority" value="CHORBI" />
				</bean>
			</list>
		</property>
	</bean>
	
	<bean id="userAccount4" class="security.UserAccount">
		<property name="username" value="chorbi2" />
		<property name="password" value="0c8746de81268518ff83490301db8652" />
		<property name="isEnabled" value="true" />
		<property name="authorities">
			<list>
				<bean class="security.Authority">
					<property name="authority" value="CHORBI" />
				</bean>
			</list>
		</property>
	</bean>
	
	<bean id="userAccount5" class="security.UserAccount">
		<property name="username" value="chorbi3" />
		<property name="password" value="a2da05a88eead7e64593826cafc6a7a7" />
		<property name="isEnabled" value="true" />
		<property name="authorities">
			<list>
				<bean class="security.Authority">
					<property name="authority" value="CHORBI" />
				</bean>
			</list>
		</property>
	</bean>
	
	<bean id="userAccount6" class="security.UserAccount">
		<property name="username" value="chorbi4" />
		<property name="password" value="a09dd233386632e297a7f4f461989563" />
		<property name="isEnabled" value="true" />
		<property name="authorities">
			<list>
				<bean class="security.Authority">
					<property name="authority" value="CHORBI" />
				</bean>
			</list>
		</property>
	</bean>
	
	<!-- Other domain beans come here -->	
	
	<!-- ADMIN -->
	<bean id="admin" class="domain.Administrator">
		<property name="name" value="Administrador" />
		<property name="surname" value="1" />
		<property name="email" value="admin1@gmail.com" />
		<property name="phoneNumber" value="1234" />
		<property name="userAccount" ref="userAccount1" />
	</bean>

	<bean id="admin2" class="domain.Administrator">
		<property name="name" value="Administrador" />
		<property name="surname" value="2" />
		<property name="email" value="admin2@gmail.com" />
		<property name="phoneNumber" value="2345" />
		<property name="userAccount" ref="userAccount2" />
	</bean>
	
	<!-- CHORBI -->
	<bean id="chorbi1" class="domain.Chorbi">
		<property name="name" value="Edurne" />
		<property name="surname" value="Almagro" />
		<property name="email" value="customer1@gmail.com" />
		<property name="phoneNumber" value="2345" />
		
		<property name="picture" value="http://www.que.es/archivos/201511/edurne-985xXx80.jpg"/>
		<property name="description" value="Mira mi foto"/>
		<property name="relationshipType" value="ACTIVITIES"/>
		<property name="birthDate" value="06/05/1989"/>
		<property name="genre" value="WOMAN"/>
		<property name="banned" value="false"/>
		<property name="country" value="España"/>
		<property name="state" value="Comunidad Valenciana"/>
		<property name="province" value="Alicante"/>
		<property name="city" value="Alicante"/>
		
		<property name="userAccount" ref="userAccount3" />
	</bean>
	
	<bean id="chorbi2" class="domain.Chorbi">
		<property name="name" value="Pablo" />
		<property name="surname" value="Nefstrife" />
		<property name="email" value="customer2@gmail.com" />
		<property name="phoneNumber" value="2345" />

		<property name="picture" value="http://www.metal-archives.com/images/8/4/1/6/84165_logo.jpg"/>
		<property name="description" value="VIKINGO"/>
		<property name="relationshipType" value="LOVE"/>
		<property name="birthDate" value="25/11/1997"/>
		<property name="genre" value="MAN"/>
		<property name="banned" value="false"/>
		<property name="country" value="España"/>
		<property name="state" value="Andalucía"/>
		<property name="province" value="Sevilla"/>
		<property name="city" value="El zaudín"/>

		<property name="userAccount" ref="userAccount4" />
	</bean>
	
	<bean id="chorbi3" class="domain.Chorbi">
		<property name="name" value="Paco Javier" />
		<property name="surname" value="De la Fuente Bonilla" />
		<property name="email" value="customer3@gmail.com" />
		<property name="phoneNumber" value="2345" />

		<property name="picture" value="https://yts.ag/assets/images/movies/Labyrinth_1986/large-screenshot2.jpg"/>
		<property name="description" value="El año que viene me saco estadística"/>
		<property name="relationshipType" value="FRIENDSHIP"/>
		<property name="birthDate" value="10/06/1995"/>
		<property name="genre" value="MAN"/>
		<property name="banned" value="false"/>
		<property name="country" value="España"/>
		<property name="state" value="Andalucía"/>
		<property name="province" value="Sevilla"/>
		<property name="city" value="Camas"/>

		<property name="userAccount" ref="userAccount5" />
	</bean>
	
	<bean id="chorbi4" class="domain.Chorbi">
		<property name="name" value="Talia" />
		<property name="surname" value="Al Ghul" />
		<property name="email" value="customer4@gmail.com" />
		<property name="phoneNumber" value="2345" />

		<property name="picture" value="http://vignette1.wikia.nocookie.net/batman/images/d/d0/Miranda.jpg/revision/latest?cb=20121205211641"/>
		<property name="description" value="No pain no bane"/>
		<property name="relationshipType" value="LOVE"/>
		<property name="birthDate" value="04/01/1959"/>
		<property name="genre" value="WOMAN"/>
		<property name="banned" value="false"/>
		<property name="country" value="USA"/>
		<property name="state" value="Kansas"/>
		<property name="province" value="Wyandotte"/>
		<property name="city" value="Kansas City"/>

		<property name="userAccount" ref="userAccount6" />
	</bean>
	
	<!-- CREDITCARD -->
	<bean id="creditCard1" class="domain.CreditCard">
		<property name="holderName" value="Edurne"/>
		<property name="brandName" value="VISA"/>
		<property name="creditCardNumber" value="4532896667885495"/>
		<property name="expirationMonth" value="12"/>
		<property name="expirationYear" value="19"/>
		<property name="CVV" value="842"/>
		<property name="chorbi" ref="chorbi1"/>
	</bean>
	
	<bean id="creditCard2" class="domain.CreditCard">
		<property name="holderName" value="Nefasto"/>
		<property name="brandName" value="VISA"/>
		<property name="creditCardNumber" value="5497733952520638"/>
		<property name="expirationMonth" value="7"/>
		<property name="expirationYear" value="18"/>
		<property name="CVV" value="842"/>
		<property name="chorbi" ref="chorbi2"/>
	</bean>
	
	<bean id="creditCard3" class="domain.CreditCard">
		<property name="holderName" value="Francisco"/>
		<property name="brandName" value="VISA"/>
		<property name="creditCardNumber" value="6011989537619189"/>
		<property name="expirationMonth" value="4"/>
		<property name="expirationYear" value="22"/>
		<property name="CVV" value="122"/>
		<property name="chorbi" ref="chorbi3"/>
	</bean>
	
	<!-- FOLDER -->
	<bean id="sent1" class="domain.Folder">
		<property name="name" value="Sent" />
		<property name="chorbi" ref="chorbi1" />
	</bean>
	
	<bean id="received1" class="domain.Folder">
		<property name="name" value="Received" />
		<property name="chorbi" ref="chorbi1" />
	</bean>
	
		<bean id="sent2" class="domain.Folder">
		<property name="name" value="Sent" />
		<property name="chorbi" ref="chorbi2" />
	</bean>
	
	<bean id="received2" class="domain.Folder">
		<property name="name" value="Received" />
		<property name="chorbi" ref="chorbi2" />
	</bean>
	
		<bean id="sent3" class="domain.Folder">
		<property name="name" value="Sent" />
		<property name="chorbi" ref="chorbi3" />
	</bean>
	
	<bean id="received3" class="domain.Folder">
		<property name="name" value="Received" />
		<property name="chorbi" ref="chorbi3" />
	</bean>
	
		<bean id="sent4" class="domain.Folder">
		<property name="name" value="Sent" />
		<property name="chorbi" ref="chorbi4" />
	</bean>
	
	<bean id="received4" class="domain.Folder">
		<property name="name" value="Received" />
		<property name="chorbi" ref="chorbi4" />
	</bean>
	
	<!-- MESSAGE -->
	
	<bean id="chirp1" class="domain.Chirp">
		<property name="subject" value="Hola" />
		<property name="text" value="Estoy jugando a la Play" />
		<property name="moment" value="03/03/2017 23:49" />
		<property name="attachments">
			<list>
				<bean class="domain.Urrl">
					<property name="link" value="http://www.bouncepen.com/wp-content/themes/twentyfifteen/uploads/user-photo/dummy-image.png"/>
				</bean>
			</list>
		</property>
		<property name="recipient" ref="chorbi1" />
		<property name="sender" ref="chorbi2" />
		<property name="folder" ref="received2" />
	</bean>
	
	<bean id="chirp2" class="domain.Chirp">
		<property name="subject" value="Hola" />
		<property name="text" value="Estoy jugando a la Play" />
		<property name="moment" value="03/03/2017 23:49" />
		<property name="attachments">
			<list>
				<bean class="domain.Urrl">
					<property name="link" value="http://www.bouncepen.com/wp-content/themes/twentyfifteen/uploads/user-photo/dummy-image.png"/>
				</bean>
			</list>
		</property>
		<property name="recipient" ref="chorbi1" />
		<property name="sender" ref="chorbi2" />
		<property name="folder" ref="received1" />
	</bean>
	
	<bean id="chirp3" class="domain.Chirp">
		<property name="subject" value="Hola" />
		<property name="text" value="¿Te vienes a cultura?" />
		<property name="moment" value="03/03/2017 23:49" />
		<property name="attachments">
			<list>
				<bean class="domain.Urrl">
					<property name="link" value="http://www.bouncepen.com/wp-content/themes/twentyfifteen/uploads/user-photo/dummy-image.png"/>
				</bean>
			</list>
		</property>
		<property name="recipient" ref="chorbi2" />
		<property name="sender" ref="chorbi1" />
		<property name="folder" ref="sent1" />
	</bean>
	
	<bean id="chirp4" class="domain.Chirp">
		<property name="subject" value="Hola" />
		<property name="text" value="¿Te vienes a cultura?" />
		<property name="moment" value="03/03/2017 23:49" />
				<property name="attachments">
			<list>
				<bean class="domain.Urrl">
					<property name="link" value="http://www.bouncepen.com/wp-content/themes/twentyfifteen/uploads/user-photo/dummy-image.png"/>
				</bean>
			</list>
		</property>
		<property name="recipient" ref="chorbi2" />
		<property name="sender" ref="chorbi1" />
		<property name="folder" ref="received2" />
	</bean>
	
	
	<bean id="chirp5" class="domain.Chirp">
		<property name="subject" value="Illo" />
		<property name="text" value="La Switch mola" />
		<property name="moment" value="03/03/2017 23:49" />
		<property name="attachments">
			<list>
				<bean class="domain.Urrl">
					<property name="link" value="http://www.bouncepen.com/wp-content/themes/twentyfifteen/uploads/user-photo/dummy-image.png"/>
				</bean>
			</list>
		</property>
		<property name="recipient" ref="chorbi3" />
		<property name="sender" ref="chorbi4" />
		<property name="folder" ref="received3" />
	</bean>
	
	<bean id="chirp6" class="domain.Chirp">
		<property name="subject" value="Illo" />
		<property name="text" value="La Switch mola" />
		<property name="moment" value="03/03/2017 23:49" />
		<property name="attachments">
			<list>
				<bean class="domain.Urrl">
					<property name="link" value="http://www.bouncepen.com/wp-content/themes/twentyfifteen/uploads/user-photo/dummy-image.png"/>
				</bean>
			</list>
		</property>
		<property name="recipient" ref="chorbi3" />
		<property name="sender" ref="chorbi4" />
		<property name="folder" ref="sent4" />
	</bean>
	
	<bean id="chirp7" class="domain.Chirp">
		<property name="subject" value="¿Estás interesado en esto?" />
		<property name="text" value="Era una broma" />
		<property name="moment" value="03/03/2017 23:49" />
		<property name="attachments">
			<list>
				<bean class="domain.Urrl">
					<property name="link" value="http://www.bouncepen.com/wp-content/themes/twentyfifteen/uploads/user-photo/dummy-image.png"/>
				</bean>
			</list>
		</property>
		<property name="recipient" ref="chorbi3" />
		<property name="sender" ref="chorbi4" />
		<property name="folder" ref="sent4" />
	</bean>
	
	<bean id="chirp8" class="domain.Chirp">
		<property name="subject" value="¿Estás interesado en esto?" />
		<property name="text" value="Era una broma" />
		<property name="moment" value="03/03/2017 23:49" />
<property name="attachments">
			<list>
				<bean class="domain.Urrl">
					<property name="link" value="http://www.bouncepen.com/wp-content/themes/twentyfifteen/uploads/user-photo/dummy-image.png"/>
				</bean>
			</list>
		</property>
		<property name="recipient" ref="chorbi3" />
		<property name="sender" ref="chorbi4" />
		<property name="folder" ref="received3" />
	</bean>
	
	<!-- SEARCH ENGINE -->
	
	<bean id="searchTemplate1" class="domain.SearchTemplate">
		<property name="relationshipType" value="LOVE" />
		<property name="age" value="30" />
		<property name="genre" value="WOMAN" />
		<property name="keyword" value="futa" />
		<property name="moment" value="2017/03/30" />
		<property name="country" value="España" />
		<property name="state" value="Andalucía" />
		<property name="province" value="Sevilla" />
		<property name="city" value="Sevilla" />
		<property name="chorbi" ref="chorbi1" />
		<property name="chorbies">
			<list>
				<ref bean="chorbi2"></ref>
				<ref bean="chorbi3"></ref>
			</list>
		</property>
	</bean>
	
	<bean id="searchTemplate2" class="domain.SearchTemplate">
		<property name="relationshipType" value="ACTIVITIES" />
		<property name="age" value="25" />
		<property name="genre" value="MAN" />
		<property name="keyword" value="ball" />
		<property name="moment" value="2017/03/30" />
		<property name="country" value="España" />
		<property name="state" value="Comunidad Valenciana" />
		<property name="province" value="Alicante" />
		<property name="city" value="Alicante" />
		<property name="chorbi" ref="chorbi2" />
		<property name="chorbies">
			<list>
				<ref bean="chorbi4"></ref>
			</list>
		</property>
	</bean>
	
	<bean id="searchTemplate3" class="domain.SearchTemplate">
		<property name="relationshipType" value="LOVE" />
		<property name="age" value="55" />
		<property name="genre" value="WOMAN"/>
		<property name="keyword" value="welp"/>
		<property name="moment" value="2017/03/30" />
		<property name="country" value="España" />
		<property name="state" value="Andalucía" />
		<property name="province" value="Sevilla" />
		<property name="city" value="Sevilla" />
		<property name="chorbi" ref="chorbi4" />
		<property name="chorbies">
			<list>
			</list>
		</property>
	</bean>
	
	<!-- LIKES -->
	<bean id="likes1" class="domain.Likes">
		<property name="comment" value="Guapi"/>
		<property name="moment" value="2017/03/25 13:45" />
		<property name="liked" ref="chorbi3" />
		<property name="chorbi" ref="chorbi4" />
	</bean>
	
	<bean id="likes2" class="domain.Likes">
		<property name="comment" value="Un dark souls?"/>
		<property name="moment" value="2017/03/30 21:43" />
		<property name="liked" ref="chorbi3" />
		<property name="chorbi" ref="chorbi1" />
	</bean>
	
	<bean id="likes3" class="domain.Likes">
		<property name="comment" value="De SeBihllYaaA??¿?"/>
		<property name="moment" value="2017/03/31 12:00" />
		<property name="liked" ref="chorbi4" />
		<property name="chorbi" ref="chorbi2" />
	</bean>
	
	
	<!-- SYSTEM CONFIGURATION -->
	<bean id="systemConfiguration" class="domain.SystemConfiguration">
		<property name="banners">
			<list>
				<bean class="domain.Urrl">
					<property name="link" value="http://i.imgur.com/lDhkAcr.jpg"/>
				</bean>
				<bean class="domain.Urrl">
					<property name="link" value="http://i.imgur.com/hZkZS9z.jpg"/>
				</bean>
				<bean class="domain.Urrl">
					<property name="link" value="http://i.imgur.com/bP4ykEJ.jpg"/>
				</bean>
			</list>
		</property>
		<property name="cacheTime" value="07/04/2017 12:00:00"/>
	</bean>
	
</beans>